lastname	firstname	middlename	gender
	Александр		мр
Склифасовский			мр
	Александра		жр
Склифасовская			жр
Осипчук			ср
		Олегович	мр
		Олеговна	жр
	Саша		ср
Склифасовская	Александра		жр
Андрейчук	Саша		ср
Иванов	Саша		мр
Андрейчук	Саша	Олегович	мр
	Саша	Олегович	мр
Андрейчук	Александр		мр
Андрейчук	Александра		жр
	Светлана	Андреевна	жр
	Лев	Алексеевич	мр
	Александр		мр
	Александра		жр
Склифасовский			мр
Склифасовская			жр
Осипчук			ср
		Олегович	мр
		Олеговна	жр
	Саша		ср
		Иванович	мр
		Ивановна	жр
		Иванович ОГЛЫ	мр
		Мухаммад оглы	мр
		Мухаммад-оглы	мр
		Ивановна-кызы	жр
		Мухаммад кызы	жр
		Мухаммад-кызы	жр
		Абракадабра	ср
		Иванович	мр
		Ильинична	жр
		Блаблабла	ср